Model,MAE,RMSE,R²
ElasticNet,0.0008944414186292688,0.0010604074586539876,0.9999988562934397
RandomForest,0.003670958559697256,0.0075456698005553205,0.999942088520847
XGBoost,0.002802376172833829,0.005117811922136388,0.999973359786073
NeuralNetwork,0.02315399326723982,0.028141450910002502,0.9991945065105451
Best Model (Test),0.0009063470116354178,0.0010753682551485485,0.9999988564817192
