Model,MAE,RMSE,R²
ElasticNet,0.0008944414186292688,0.0010604074586539876,0.9999988562934397
RandomForest,0.0036709585596972558,0.007545669800555317,0.999942088520847
XGBoost,0.002802376172833829,0.005117811922136388,0.999973359786073
NeuralNetwork,0.026098652532807288,0.03155386737232716,0.9989873152821828
Best Model (Test),0.0009063470116354178,0.0010753682551485487,0.9999988564817192
