Model,MAE,RMSE,R²
ElasticNet,0.0008944406699980381,0.0010604007889065924,0.9999988563078269
RandomForest,0.003684657962898712,0.007581727679903785,0.9999415337246643
XGBoost,0.002780160093742242,0.005000498104327651,0.9999745671166932
NeuralNetwork,0.03098743978990043,0.03884530912890813,0.998465219656332
Best Model (Test),0.0009063469423633778,0.001075362566254877,0.9999988564938179
